fam	SAMPLE_ID	state	region	latitud	longitud
112	1017	Querétaro	Norte de Mesoamerica	20.75083333	-100.5058333
113	1034	Querétaro	Norte de Mesoamerica	20.74027778	-100.4491667
114	1037	Querétaro	Norte de Mesoamerica	20.5875	-100.3927778
115	1039	Aguascalientes	Norte de Mesoamerica	21.87888889	-102.3
116	1040	Aguascalientes	Norte de Mesoamerica	22.2375	-102.0891667
117	1051	Aguascalientes	Norte de Mesoamerica	21.87888889	-102.3
118	1052	Aguascalientes	Norte de Mesoamerica	22.19277778	-102.02
119	1054	Aguascalientes	Norte de Mesoamerica	22.2375	-102.0891667
120	1057	Aguascalientes	Norte de Mesoamerica	22.2375	-102.0891667
121	1058	Aguascalientes	Norte de Mesoamerica	22.2375	-102.0891667
122	1060	Aguascalientes	Norte de Mesoamerica	22.14472222	-102.2747222
123	1075	Aguascalientes	Norte de Mesoamerica	22.14472222	-102.2747222
124	1076	Aguascalientes	Norte de Mesoamerica	22.14472222	-102.2747222
125	1088	Aguascalientes	Norte de Mesoamerica	22.25166667	-102.33
126	1089	Aguascalientes	Norte de Mesoamerica	22.16416667	-102.1027778
127	1096	Aguascalientes	Norte de Mesoamerica	22.21388889	-102.0497222
128	1102	Aguascalientes	Norte de Mesoamerica	22.21388889	-102.0497222
129	1103	Aguascalientes	Norte de Mesoamerica	22.245	-102.3394444
151	1198	Querétaro	Norte de Mesoamerica	20.75083333	-100.5058333
152	1206	Querétaro	Norte de Mesoamerica	20.75083333	-100.5058333
175	1299	Querétaro	Centro de Mexico	20.3425	-99.92777778
177	1308	Querétaro	Centro de Mexico	20.33361111	-99.94055556
179	1313	Querétaro	Centro de Mexico	20.3425	-99.92777778
180	1317	Querétaro	Centro de Mexico	20.33361111	-99.94055556
184	1336	Querétaro	Centro de Mexico	20.33361111	-99.94055556
186	1361	Querétaro	Golfo de Mexico	21.25388889	-99.61944444
187	1362	Querétaro	Golfo de Mexico	21.25388889	-99.61944444
188	1368	Querétaro	Golfo de Mexico	21.25388889	-99.61944444
189	1371	Querétaro	Golfo de Mexico	21.25388889	-99.61944444
190	1376	Querétaro	Golfo de Mexico	21.25388889	-99.61944444
201	1511	Guanajuato	Norte de Mesoamerica	20.36388889	-100.6847222
202	1514	Guanajuato	Norte de Mesoamerica	20.36388889	-100.6847222
203	1515	Guanajuato	Norte de Mesoamerica	20.36388889	-100.6847222
205	1535	Guanajuato	Norte de Mesoamerica	20.91416667	-100.7441667
216	1568	Guanajuato	Norte de Mesoamerica	20.1075	-101.3888889
217	1570	Guanajuato	Norte de Mesoamerica	20.51361111	-100.8858333
220	1578	Guanajuato	Norte de Mesoamerica	20.1075	-101.3888889
221	1581	Guanajuato	Norte de Mesoamerica	20.1075	-101.3888889
222	1582	Guanajuato	Norte de Mesoamerica	20.1075	-101.3888889
223	1590	Guanajuato	Norte de Mesoamerica	20.18305556	-101.2508333
224	1592	Guanajuato	Norte de Mesoamerica	20.18305556	-101.2508333
225	1593	Guanajuato	Norte de Mesoamerica	20.18305556	-101.2508333
226	1594	Guanajuato	Norte de Mesoamerica	20.18305556	-101.2508333
247	1698	Guanajuato	Norte de Mesoamerica	20.36388889	-100.6847222
248	1700	Guanajuato	Norte de Mesoamerica	20.33611111	-100.6841667
478	3480	Morelos	Centro de Mexico	18.91861111	-99.23416667
479	3481	Morelos	Centro de Mexico	18.91861111	-99.23416667
480	3517	Morelos	Centro de Mexico	18.91861111	-99.23416667
481	3527	Morelos	Centro de Mexico	18.4875	-99.27472222
482	3528	Morelos	Centro de Mexico	18.4875	-99.27472222
483	3539	Morelos	Centro de Mexico	18.4875	-99.27472222
484	3542	Morelos	Centro de Mexico	18.81166667	-98.95472222
485	3570	Morelos	Centro de Mexico	18.91861111	-99.23416667
486	3571	Morelos	Centro de Mexico	18.91861111	-99.23416667
487	3573	Morelos	Centro de Mexico	18.91861111	-99.23416667
488	3577	Morelos	Centro de Mexico	18.91861111	-99.23416667
489	3600	Morelos	Centro de Mexico	18.91861111	-99.23416667
490	3608	Morelos	Centro de Mexico	18.4875	-99.27472222
491	3613	Morelos	Centro de Mexico	18.4875	-99.27472222
492	3633	Morelos	Centro de Mexico	18.81166667	-98.95472222
497	3734	Tlaxcala	Centro de Mexico	19.58777778	-98.56916667
506	3815	Zacatecas	Norte de Mexico	24.28944444	-103.3944444
507	3816	Zacatecas	Norte de Mexico	22.82388889	-102.41
508	3818	Zacatecas	Norte de Mexico	24.28944444	-103.3944444
509	3824	Zacatecas	Norte de Mexico	24.28944444	-103.3944444
510	3825	Zacatecas	Norte de Mexico	24.28944444	-103.3944444
511	3832	Zacatecas	Norte de Mexico	24.28944444	-103.3944444
515	3844	Zacatecas	Norte de Mexico	23.17555556	-102.8675
516	3869	Zacatecas	Norte de Mexico	23.17555556	-102.8675
517	3870	Zacatecas	Norte de Mexico	23.17555556	-102.8675
518	3892	Zacatecas	Norte de Mexico	22.82388889	-102.41
519	3900	Zacatecas	Norte de Mexico	22.82388889	-102.41
520	3935	Zacatecas	Norte de Mexico	22.77166667	-102.5752778
521	3942	Zacatecas	Norte de Mexico	22.82388889	-102.41
522	3949	Zacatecas	Norte de Mexico	22.82388889	-102.41
523	3952	Zacatecas	Norte de Mexico	22.82388889	-102.41
539	4104	México	Centro de Mexico	19.74027778	-99.0725
540	4117	México	Centro de Mexico	19.74027778	-99.0725
541	4118	México	Centro de Mexico	19.98083333	-99.18972222
547	4182	Tlaxcala	Centro de Mexico	19.58777778	-98.56916667
548	4183	Tlaxcala	Centro de Mexico	19.17388889	-98.23333333
549	4185	Tlaxcala	Centro de Mexico	19.17388889	-98.23333333
550	4194	Tlaxcala	Centro de Mexico	19.17388889	-98.23333333
551	4198	Tlaxcala	Centro de Mexico	19.31388889	-98.1925
552	4200	Tlaxcala	Centro de Mexico	19.31388889	-98.1925
553	4205	Tlaxcala	Centro de Mexico	19.17388889	-98.23333333
554	4232	Tlaxcala	Centro de Mexico	19.58777778	-98.56916667
555	4243	Tlaxcala	Centro de Mexico	19.58777778	-98.56916667
556	4252	Tlaxcala	Centro de Mexico	19.58777778	-98.56916667
557	4253	Tlaxcala	Centro de Mexico	19.31388889	-98.1925
558	4259	Tlaxcala	Centro de Mexico	19.31388889	-98.1925
687	5105	San Luis Potosí	Norte de Mesoamerica	22.15111111	-100.9761111
695	5191	San Luis Potosí	Norte de Mesoamerica	22.43277778	-100.2816667
696	5193	San Luis Potosí	Norte de Mesoamerica	22.15111111	-100.9761111
697	5227	San Luis Potosí	Golfo de Mexico	21.4625	-98.9975
698	5233	San Luis Potosí	Golfo de Mexico	21.4625	-98.9975
699	5241	San Luis Potosí	Golfo de Mexico	21.4625	-98.9975
700	5246	San Luis Potosí	Norte de Mesoamerica	22.15111111	-100.9761111
701	5260	San Luis Potosí	Norte de Mesoamerica	22.15111111	-100.9761111
702	5265	San Luis Potosí	Norte de Mesoamerica	22.15111111	-100.9761111
703	5285	San Luis Potosí	Norte de Mesoamerica	22.15111111	-100.9761111
705	5299	San Luis Potosí	Golfo de Mexico	21.17361111	-98.8125
706	5300	San Luis Potosí	Golfo de Mexico	21.36861111	-98.94305556
733	5441	San Luis Potosí	Norte de Mesoamerica	22.15111111	-100.9761111
734	5447	San Luis Potosí	Norte de Mesoamerica	22.15111111	-100.9761111
735	5449	San Luis Potosí	Norte de Mesoamerica	22.15111111	-100.9761111
1461	10030	México	Centro de Mexico	19.4	-98.98888889
1462	10047	México	Centro de Mexico	19.4	-98.98888889
1463	10072	México	Centro de Mexico	19.74416667	-99.18111111
1464	10153	México	Centro de Mexico	19.56111111	-99.24694444
1465	10159	México	Centro de Mexico	19.56111111	-99.24694444
1466	10161	México	Centro de Mexico	19.47527778	-99.23777778
1467	10163	México	Centro de Mexico	19.47527778	-99.23777778
1468	10187	México	Centro de Mexico	19.66555556	-99.09166667
1469	10197	México	Centro de Mexico	19.47527778	-99.23777778
1470	10230	México	Centro de Mexico	19.4	-98.98888889
1471	10256	México	Centro de Mexico	19.60972222	-99.06
1472	10294	México	Centro de Mexico	19.60972222	-99.06
1473	10338	Campeche	Mayan region	18.64333333	-91.83083333
1474	10364	Campeche	Mayan region	18.64333333	-91.83083333
1475	10399	Campeche	Mayan region	18.60666667	-90.73444444
1476	10400	Campeche	Mayan region	18.60666667	-90.73444444
1477	10406	NA	Occidente de Mexico	NA	NA
1478	10443	Campeche	Mayan region	18.60666667	-90.73444444
1479	10459	Campeche	Mayan region	18.60666667	-90.73444444
1480	10479	Campeche	Mayan region	18.60666667	-90.73444444
1481	10482	Campeche	Mayan region	18.60666667	-90.73444444
1482	10486	Campeche	Mayan region	18.60666667	-90.73444444
1483	10490	Michoacán	Occidente de Mexico	19.57222222	-101.7161111
1484	10494	Michoacán	Occidente de Mexico	19.57222222	-101.7161111
1485	10497	Michoacán	Occidente de Mexico	19.57222222	-101.7161111
1486	10499	Michoacán	Occidente de Mexico	19.57222222	-101.7161111
1487	10502	Michoacán	Occidente de Mexico	19.57222222	-101.7161111
1488	10503	Michoacán	Occidente de Mexico	19.57222222	-101.7161111
1489	10504	Michoacán	Occidente de Mexico	19.57222222	-101.7161111
1490	10517	Michoacán	Occidente de Mexico	19.70166667	-101.1852778
1491	10522	Michoacán	Occidente de Mexico	19.70166667	-101.1852778
1492	10544	Michoacán	Occidente de Mexico	19.55916667	-101.6769444
1493	10546	Michoacán	Occidente de Mexico	19.55916667	-101.6769444
1494	10548	Michoacán	Occidente de Mexico	19.55916667	-101.6769444
1495	10551	Michoacán	Occidente de Mexico	19.55916667	-101.6769444
1496	10552	Michoacán	Occidente de Mexico	19.55916667	-101.6769444
1497	10553	Michoacán	Occidente de Mexico	19.55916667	-101.6769444
1503	10610	Chihuahua	Norte de Mexico	28.63527778	-106.0888889
1504	10618	Chihuahua	Norte de Mexico	28.63527778	-106.0888889
1505	10654	Campeche	Mayan region	18.64333333	-91.83083333
1506	10655	Campeche	Mayan region	18.64333333	-91.83083333
1507	10659	Campeche	Mayan region	18.64333333	-91.83083333
1508	10664	Campeche	Mayan region	18.64333333	-91.83083333
1509	10681	Chihuahua	Norte de Mexico	28.63527778	-106.0888889
1510	10715	Campeche	Mayan region	19.84222222	-90.53166667
1511	10784	Chihuahua	Norte de Mexico	28.63527778	-106.0888889
1512	10811	Campeche	Mayan region	18.64333333	-91.83083333
1514	10831	Sonora	Norte de Mexico	26.81861111	-109.6077778
1515	10833	Sonora	Norte de Mexico	26.81861111	-109.6077778
1516	10834	Sonora	Norte de Mexico	26.81861111	-109.6077778
1517	10835	Sonora	Norte de Mexico	26.81861111	-109.6077778
1518	10841	Sonora	Norte de Mexico	26.81861111	-109.6077778
1519	10844	Sonora	Norte de Mexico	26.81861111	-109.6077778
1520	10845	Sonora	Norte de Mexico	26.91083333	-109.6252778
1521	10851	Sonora	Norte de Mexico	26.81861111	-109.6077778
1522	10855	Sonora	Norte de Mexico	26.81861111	-109.6077778
1523	10860	Sonora	Norte de Mexico	26.845	-109.7511111
1524	10865	Sonora	Norte de Mexico	26.80111111	-109.7019444
1525	10867	Sonora	Norte de Mexico	26.845	-109.7511111
1526	10870	Sonora	Norte de Mexico	26.81861111	-109.6077778
1527	10871	Sonora	Norte de Mexico	26.80111111	-109.7019444
1528	10872	Sonora	Norte de Mexico	26.845	-109.7511111
1545	10963	NA	Norte de Mexico	NA	NA
1546	10967	NA	Norte de Mexico	NA	NA
1547	10970	NA	Norte de Mexico	NA	NA
1548	10973	NA	Norte de Mexico	NA	NA
1558	11050	Colima	Occidente de Mexico	19.3275	-103.6025
1559	11076	NA	Mayan region	NA	NA
1560	11079	Colima	Occidente de Mexico	19.3275	-103.6025
1564	11141	NA	Mayan region	NA	NA
1565	11151	NA	Mayan region	NA	NA
1566	11155	NA	Mayan region	NA	NA
1567	11157	NA	Mayan region	NA	NA
1571	11186	Colima	Occidente de Mexico	19.3275	-103.6025
1572	11195	Colima	Occidente de Mexico	19.3275	-103.6025
1576	11221	Colima	Occidente de Mexico	18.90833333	-103.8744444
1577	11238	Colima	Occidente de Mexico	18.90833333	-103.8744444
1578	11250	Colima	Occidente de Mexico	19.05166667	-104.3155556
1579	11262	Colima	Occidente de Mexico	19.05166667	-104.3155556
1580	11271	Colima	Occidente de Mexico	18.90833333	-103.8744444
1581	11279	Colima	Occidente de Mexico	18.90833333	-103.8744444
1582	11308	Colima	Occidente de Mexico	19.05166667	-104.3155556
1583	11339	Colima	Occidente de Mexico	18.90833333	-103.8744444
1584	11351	Colima	Occidente de Mexico	18.90833333	-103.8744444
1585	11352	Colima	Occidente de Mexico	18.90833333	-103.8744444
1586	11365	Colima	Occidente de Mexico	19.3275	-103.6025
1617	11645	Chihuahua	Norte de Mexico	31.73944444	-106.4869444
1618	11656	Chihuahua	Norte de Mexico	31.73944444	-106.4869444
1619	11660	Chihuahua	Norte de Mexico	31.73944444	-106.4869444
1620	11673	Chihuahua	Norte de Mexico	31.73944444	-106.4869444
1624	11736	Chihuahua	Norte de Mexico	28.63527778	-106.0888889
1627	11759	Chihuahua	Norte de Mexico	28.63527778	-106.0888889
1633	11785	Chihuahua	Norte de Mexico	28.63527778	-106.0888889
1634	11816	Chihuahua	Norte de Mexico	31.73944444	-106.4869444
1638	11847	Chihuahua	Norte de Mexico	31.73944444	-106.4869444
1652	11914	Chihuahua	Norte de Mexico	28.63527778	-106.0888889
1653	11920	Chihuahua	Norte de Mexico	28.63527778	-106.0888889
1673	12137	NA	Mayan region	NA	NA
1674	12140	NA	Mayan region	NA	NA
1675	12141	NA	Mayan region	NA	NA
1676	12142	NA	Mayan region	NA	NA
1677	12148	NA	Mayan region	NA	NA
1895	14021	Tlaxcala	Centro de Mexico	19.4925	-98.53527778
1896	14022	Tlaxcala	Centro de Mexico	19.4925	-98.53527778
2321	17161	Yucatán	Mayan region	20.12555556	-88.92138889
2322	17173	Guerrero	Occidente de Mexico	16.87111111	-99.89777778
2323	17177	Guerrero	Occidente de Mexico	16.87111111	-99.89777778
2326	17207	Yucatán	Mayan region	20.80416667	-88.20277778
2327	17211	Yucatán	Mayan region	20.80416667	-88.20277778
2328	17225	Coahuila	Norte de Mexico	25.54444444	-103.4416667
2329	17274	Coahuila	Norte de Mexico	25.54444444	-103.4416667
2330	17289	Coahuila	Norte de Mexico	25.43333333	-101
2331	17292	Coahuila	Norte de Mexico	25.43333333	-101
2332	17295	Coahuila	Norte de Mexico	25.43333333	-101
2333	17298	Guerrero	Occidente de Mexico	18.4325	-101.0027778
2334	17300	Guerrero	Occidente de Mexico	18.4325	-101.0027778
2335	17308	Yucatán	Mayan region	20.80416667	-88.20277778
2336	17309	Yucatán	Mayan region	20.80416667	-88.20277778
2337	17311	Yucatán	Mayan region	20.80416667	-88.20277778
2338	17312	Yucatán	Mayan region	20.15305556	-88.81666667
2339	17314	Yucatán	Mayan region	20.80416667	-88.20277778
2340	17317	Coahuila	Norte de Mexico	25.75888889	-102.9833333
2341	17351	Yucatán	Mayan region	20.12555556	-88.92138889
2342	17353	Yucatán	Mayan region	20.39527778	-89.53388889
2343	17362	Yucatán	Mayan region	20.12555556	-88.92138889
2344	17365	Yucatán	Mayan region	20.12555556	-88.92138889
2345	17414	Yucatán	Mayan region	20.96777778	-89.62166667
2346	17447	Coahuila	Norte de Mexico	25.75888889	-102.9833333
2347	17482	Yucatán	Mayan region	20.80416667	-88.20277778
2348	17493	Yucatán	Mayan region	20.15305556	-88.81666667
2358	17623	Coahuila	Norte de Mexico	25.75888889	-102.9833333
2359	17629	Coahuila	Norte de Mexico	25.75888889	-102.9833333
2360	17636	Coahuila	Norte de Mexico	25.75888889	-102.9833333
2361	17642	Coahuila	Norte de Mexico	25.75888889	-102.9833333
2362	17643	Coahuila	Norte de Mexico	25.75888889	-102.9833333
2363	17683	Guerrero	Occidente de Mexico	18.34361111	-99.53916667
2364	17684	Guerrero	Occidente de Mexico	18.34361111	-99.53916667
2365	17686	Guerrero	Occidente de Mexico	18.34361111	-99.53916667
2366	17688	Guerrero	Occidente de Mexico	16.87111111	-99.89777778
2367	17689	Guerrero	Occidente de Mexico	16.87111111	-99.89777778
2368	17703	Coahuila	Norte de Mexico	25.54444444	-103.4416667
2371	17769	Coahuila	Norte de Mexico	25.75888889	-102.9833333
2372	17780	Coahuila	Norte de Mexico	25.75888889	-102.9833333
2374	17825	Guerrero	Occidente de Mexico	16.87111111	-99.89777778
2375	17836	Guerrero	Occidente de Mexico	18.47694444	-100.9794444
2376	17840	Guerrero	Occidente de Mexico	18.47694444	-100.9794444
2377	17845	Guerrero	Occidente de Mexico	18.47694444	-100.9794444
2378	17846	Guerrero	Occidente de Mexico	18.47694444	-100.9794444
2379	17847	Guerrero	Occidente de Mexico	18.47694444	-100.9794444
2421	18322	Baja California	Norte de Mexico	32.66333333	-115.4677778
2422	18323	Baja California	Norte de Mexico	32.66333333	-115.4677778
2424	18357	Baja California	Norte de Mexico	31.0275	-114.8352778
2425	18368	Baja California	Norte de Mexico	32.2275	-115.1702778
2426	18372	Baja California	Norte de Mexico	31.0275	-114.8352778
2427	18378	Baja California	Norte de Mexico	32.2275	-115.1702778
2428	18389	Baja California	Norte de Mexico	32.66333333	-115.4677778
2429	18391	Baja California	Norte de Mexico	32.59972222	-115.5166667
2430	18392	Baja California	Norte de Mexico	32.59972222	-115.5166667
2431	18397	Baja California	Norte de Mexico	32.66333333	-115.4677778
2432	18398	Baja California	Norte de Mexico	32.59972222	-115.5166667
2433	18405	Baja California	Norte de Mexico	32.59972222	-115.5166667
2434	18412	Baja California	Norte de Mexico	31.0275	-114.8352778
2435	18413	Baja California	Norte de Mexico	32.66333333	-115.4677778
2469	18743	Jalisco	Occidente de Mexico	20.67638889	-103.3461111
2470	18753	Jalisco	Occidente de Mexico	20.67638889	-103.3461111
2471	18760	Jalisco	Occidente de Mexico	20.72027778	-103.3919444
2472	18765	Jalisco	Occidente de Mexico	20.67638889	-103.3461111
2475	18824	Jalisco	Occidente de Mexico	20.72027778	-103.3919444
2476	18843	Jalisco	Occidente de Mexico	20.63833333	-103.3105556
2477	18846	Jalisco	Occidente de Mexico	20.63833333	-103.3105556
2478	18852	Jalisco	Occidente de Mexico	20.63833333	-103.3105556
2479	18863	Jalisco	Occidente de Mexico	20.72027778	-103.3919444
2480	18868	Jalisco	Occidente de Mexico	20.72027778	-103.3919444
2481	18869	Jalisco	Occidente de Mexico	20.63833333	-103.3105556
2482	18891	Jalisco	Occidente de Mexico	20.72027778	-103.3919444
2483	18898	Jalisco	Occidente de Mexico	20.63833333	-103.3105556
2484	18915	Jalisco	Occidente de Mexico	20.67638889	-103.3461111
2485	18917	Jalisco	Occidente de Mexico	20.62361111	-103.2411111
3184	24088	Baja California Sur	Norte de Mexico	24.14222222	-110.3108333
3185	24109	Baja California Sur	Norte de Mexico	27.95888889	-114.0561111
3186	24118	Baja California Sur	Norte de Mexico	27.95888889	-114.0561111
3187	24119	Baja California Sur	Norte de Mexico	27.95888889	-114.0561111
3188	24133	Quintana Roo	Mayan region	21.16111111	-86.83361111
3189	24141	Quintana Roo	Mayan region	18.67694444	-88.39194444
3190	24152	Quintana Roo	Mayan region	18.96111111	-88.40694444
3191	24154	Quintana Roo	Mayan region	18.96111111	-88.40694444
3192	24160	Quintana Roo	Mayan region	18.96111111	-88.40694444
3193	24162	Quintana Roo	Mayan region	18.96111111	-88.40694444
3194	24166	Quintana Roo	Mayan region	18.98888889	-88.61222222
3195	24172	Quintana Roo	Mayan region	18.98888889	-88.61222222
3196	24174	Quintana Roo	Mayan region	18.98888889	-88.61222222
3197	24176	Quintana Roo	Mayan region	18.98888889	-88.61222222
3198	24182	Quintana Roo	Mayan region	18.96111111	-88.40694444
3199	24186	Quintana Roo	Mayan region	18.98888889	-88.61222222
3200	24187	Quintana Roo	Mayan region	18.96111111	-88.40694444
3201	24189	Quintana Roo	Mayan region	18.96111111	-88.40694444
3202	24191	Quintana Roo	Mayan region	18.98888889	-88.61222222
3205	24241	Nayarit	Occidente de Mexico	21.51611111	-104.8938889
3206	24242	Nayarit	Occidente de Mexico	22.38027778	-105.6613889
3207	24243	Nayarit	Occidente de Mexico	22.38027778	-105.6613889
3208	24245	Nayarit	Occidente de Mexico	22.38027778	-105.6613889
3209	24246	Nayarit	Occidente de Mexico	22.38027778	-105.6613889
3210	24251	Nayarit	Occidente de Mexico	21.8	-105.2022222
3211	24260	Nayarit	Occidente de Mexico	21.8	-105.2022222
3212	24262	Baja California Sur	Norte de Mexico	27.33888889	-112.2669444
3213	24286	Baja California Sur	Norte de Mexico	27.01472222	-114.0411111
3214	24289	Baja California Sur	Norte de Mexico	27.95888889	-114.0561111
3215	24294	Baja California Sur	Norte de Mexico	27.95888889	-114.0561111
3216	24308	Baja California Sur	Norte de Mexico	27.01472222	-114.0411111
3217	24309	Baja California Sur	Norte de Mexico	27.01472222	-114.0411111
3218	24314	Baja California Sur	Norte de Mexico	27.01472222	-114.0411111
3219	24321	Baja California Sur	Norte de Mexico	27.13888889	-114.2944444
3220	24322	Baja California Sur	Norte de Mexico	27.13888889	-114.2944444
3221	24328	Baja California Sur	Norte de Mexico	27.13888889	-114.2944444
3222	24330	Baja California Sur	Norte de Mexico	27.13888889	-114.2944444
3224	24345	Nuevo León	Norte de Mexico	25.74138889	-100.3019444
3246	24442	Nuevo León	Norte de Mexico	25.74138889	-100.3019444
3247	24449	Nuevo León	Norte de Mexico	25.74138889	-100.3019444
3248	24453	Nuevo León	Norte de Mexico	25.74138889	-100.3019444
3249	24457	Nuevo León	Norte de Mexico	25.74138889	-100.3019444
3250	24470	Nuevo León	Norte de Mexico	25.67888889	-100.2347222
3251	24507	Nayarit	Occidente de Mexico	21.81083333	-105.1027778
3252	24512	Nayarit	Occidente de Mexico	22.4375	-105.3905556
3253	24513	Nayarit	Occidente de Mexico	22.4375	-105.3905556
3254	24518	Nayarit	Occidente de Mexico	22.4375	-105.3905556
3255	24532	Nayarit	Occidente de Mexico	21.81111111	-105.2063889
3256	24555	Nayarit	Occidente de Mexico	21.51611111	-104.8938889
3257	24559	Nayarit	Occidente de Mexico	21.51611111	-104.8938889
3258	24577	Nayarit	Occidente de Mexico	21.51611111	-104.8938889
3266	24607	Nuevo León	Norte de Mexico	25.67888889	-100.2347222
3269	24690	Nuevo León	Norte de Mexico	25.67888889	-100.2347222
3270	24695	Nuevo León	Norte de Mexico	25.67888889	-100.2347222
3271	24721	Nuevo León	Norte de Mexico	25.67111111	-100.3083333
3277	24779	Nuevo León	Norte de Mexico	25.67888889	-100.2347222
3278	24807	Nuevo León	Norte de Mexico	25.51805556	-99.76527778
3289	25148	Nuevo León	Norte de Mexico	25.67111111	-100.3083333
3292	25342	Nuevo León	Norte de Mexico	25.74138889	-100.3019444
3293	25347	Nuevo León	Norte de Mexico	25.74138889	-100.3019444
3421	26828	Oaxaca	Oaxaca	17.045	-97.69222222
3422	26836	Oaxaca	Oaxaca	17.045	-97.69222222
3423	26879	Oaxaca	Oaxaca	16.06666667	-96.75305556
3428	27004	Oaxaca	Oaxaca	17.06527778	-97.67722222
3429	27011	Oaxaca	Oaxaca	18.25305556	-96.82694444
3430	27026	Oaxaca	Oaxaca	18.25305556	-96.82694444
3431	27062	Oaxaca	Oaxaca	16.06527778	-96.6675
3432	27103	Oaxaca	Oaxaca	17.02222222	-97.71055556
3433	27130	Oaxaca	Oaxaca	16.1	-96.72083333
3434	27145	Oaxaca	Oaxaca	17.09333333	-97.72361111
3441	27247	Oaxaca	Oaxaca	17.0625	-96.69333333
3449	27305	Oaxaca	Oaxaca	17.02222222	-97.71055556
3450	27318	Oaxaca	Oaxaca	17.09027778	-97.67805556
3451	27320	Oaxaca	Oaxaca	17.09027778	-97.67805556
3452	27327	Oaxaca	Oaxaca	17.09027778	-97.67805556
4012	30904	Tabasco	Mayan region	17.99055556	-92.92805556
4013	30921	Tabasco	Mayan region	17.99055556	-92.92805556
4014	30937	Tabasco	Mayan region	18.02138889	-93.49888889
4015	30942	Chiapas	Mayan region	16.53944444	-92.47361111
4016	30944	Chiapas	Mayan region	16.53944444	-92.47361111
4017	30954	Tabasco	Mayan region	17.5925	-92.82555556
4018	30959	Tabasco	Mayan region	17.59111111	-92.62972222
4019	30961	Tabasco	Mayan region	17.46027778	-92.7775
4020	30963	Tabasco	Mayan region	17.59111111	-92.62972222
4021	30967	Tabasco	Mayan region	17.59111111	-92.62972222
4022	30969	Tabasco	Mayan region	17.59111111	-92.62972222
4023	30975	Tabasco	Mayan region	17.46027778	-92.7775
4024	30980	Tabasco	Mayan region	17.59111111	-92.62972222
4025	30985	Tabasco	Mayan region	17.46027778	-92.7775
4026	30990	Tabasco	Mayan region	17.46027778	-92.7775
4027	30995	Tabasco	Mayan region	17.46027778	-92.7775
4028	31005	Durango	Norte de Mexico	25.56111111	-103.4983333
4029	31013	Durango	Norte de Mexico	25.56111111	-103.4983333
4030	31019	Durango	Norte de Mexico	24.7325	-102.6647222
4031	31020	Durango	Norte de Mexico	24.7325	-102.6647222
4032	31023	Durango	Norte de Mexico	24.7325	-102.6647222
4033	31028	Durango	Norte de Mexico	24.63388889	-102.9541667
4034	31030	Durango	Norte de Mexico	24.72166667	-102.845
4035	31047	Durango	Norte de Mexico	25.56111111	-103.4983333
4036	31053	Durango	Norte de Mexico	25.56111111	-103.4983333
4037	31056	Tabasco	Mayan region	18.02138889	-93.49888889
4042	31092	Chiapas	Mayan region	16.76472222	-92.75833333
4043	31094	Chiapas	Mayan region	16.76472222	-92.75833333
4044	31097	Chiapas	Mayan region	16.76472222	-92.75833333
4045	31100	Chiapas	Mayan region	16.76472222	-92.75833333
4046	31112	Chiapas	Mayan region	16.53944444	-92.47361111
4047	31127	Chiapas	Mayan region	16.53944444	-92.47361111
4048	31131	Chiapas	Mayan region	16.53944444	-92.47361111
4049	31133	Chiapas	Mayan region	16.53944444	-92.47361111
4050	31151	Chiapas	Mayan region	15.87916667	-93.52694444
4051	31156	Chiapas	Mayan region	15.87916667	-93.52694444
4052	31159	Chiapas	Mayan region	15.75833333	-93.52777778
4053	31161	Chiapas	Mayan region	15.75833333	-93.52777778
4054	31162	Chiapas	Mayan region	15.75833333	-93.52777778
4069	31294	Durango	Norte de Mexico	25.56111111	-103.4983333
4070	31303	Durango	Norte de Mexico	25.92805556	-103.3738889
4071	31308	Durango	Norte de Mexico	25.935	-103.4166667
4072	31311	Durango	Norte de Mexico	25.935	-103.4166667
4073	31318	Durango	Norte de Mexico	25.92805556	-103.3738889
4074	31325	Durango	Norte de Mexico	25.92805556	-103.3738889
4132	31730	Tamaulipas	Norte de Mesoamerica	22.25527778	-97.86861111
4133	31738	Tamaulipas	Norte de Mesoamerica	22.25527778	-97.86861111
4134	31748	Tamaulipas	Norte de Mesoamerica	22.25527778	-97.86861111
4157	32007	Tamaulipas	Norte de Mesoamerica	22.25527778	-97.86861111
4158	32030	Tamaulipas	Norte de Mexico	25.98166667	-98.09027778
4159	32048	Tamaulipas	Norte de Mesoamerica	23.73611111	-99.14611111
4160	32056	Tamaulipas	Norte de Mesoamerica	23.73611111	-99.14611111
4161	32066	Tamaulipas	Norte de Mesoamerica	23.73611111	-99.14611111
4169	32129	Tamaulipas	Norte de Mesoamerica	23.73611111	-99.14611111
4170	32139	Tamaulipas	Norte de Mesoamerica	23.73611111	-99.14611111
4171	32154	Tamaulipas	Norte de Mexico	25.98166667	-98.09027778
4172	32161	Tamaulipas	Norte de Mexico	25.98166667	-98.09027778
4173	32178	Tamaulipas	Norte de Mesoamerica	23.73611111	-99.14611111
4186	32281	Tamaulipas	Norte de Mesoamerica	23.73611111	-99.14611111
4218	32425	Tamaulipas	Norte de Mexico	25.98166667	-98.09027778
4239	32561	Sinaloa	Occidente de Mexico	24.4225	-107.2205556
4241	32573	Sinaloa	Norte de Mexico	25.98527778	-108.8586111
4242	32576	Sinaloa	Norte de Mexico	25.98527778	-108.8586111
4243	32582	Sinaloa	Norte de Mexico	25.98527778	-108.8586111
4244	32605	Sinaloa	Norte de Mexico	26.18444444	-108.7330556
4255	32658	Sinaloa	Occidente de Mexico	24.79916667	-107.3844444
4256	32668	Sinaloa	Occidente de Mexico	24.79916667	-107.3844444
4257	32674	Sinaloa	Occidente de Mexico	24.79916667	-107.3844444
4258	32686	Sinaloa	Occidente de Mexico	24.79916667	-107.3844444
4259	32693	Sinaloa	Occidente de Mexico	24.79916667	-107.3844444
4264	32757	Sinaloa	Occidente de Mexico	23.23611111	-106.4152778
4265	32763	Sinaloa	Occidente de Mexico	24.4225	-107.2205556
4266	32766	Sinaloa	Occidente de Mexico	23.23611111	-106.4152778
4267	32767	Sinaloa	Occidente de Mexico	23.23611111	-106.4152778
4268	32771	Sinaloa	Occidente de Mexico	24.4225	-107.2205556
5030	37747	Veracruz	Golfo de Mexico	18.13777778	-94.43527778
5031	37766	Veracruz	Golfo de Mexico	19.00416667	-95.98916667
5032	37767	Veracruz	Golfo de Mexico	19.00416667	-95.98916667
5033	37768	Veracruz	Golfo de Mexico	19.05666667	-95.98805556
5034	37769	Veracruz	Golfo de Mexico	19.00416667	-95.98916667
5035	37773	Veracruz	Golfo de Mexico	18.70833333	-95.62888889
5036	37786	Veracruz	Golfo de Mexico	17.98888889	-94.55861111
5037	37790	Veracruz	Golfo de Mexico	17.98888889	-94.55861111
5038	37798	Veracruz	Golfo de Mexico	17.98888889	-94.55861111
5039	37799	Veracruz	Golfo de Mexico	17.98888889	-94.55861111
5040	37804	Veracruz	Golfo de Mexico	17.98888889	-94.55861111
5041	37807	Veracruz	Golfo de Mexico	17.98888889	-94.55861111
5042	37811	Veracruz	Golfo de Mexico	17.98888889	-94.55861111
5043	37836	Veracruz	Golfo de Mexico	18.84972222	-97.10361111
5044	37842	Veracruz	Golfo de Mexico	17.98888889	-94.55861111
5089	38102	Hidalgo	Centro de Mexico	20.43888889	-99.32555556
5090	38109	Hidalgo	Centro de Mexico	20.43888889	-99.32555556
5091	38112	Hidalgo	Centro de Mexico	20.43888889	-99.32555556
5092	38119	Hidalgo	Centro de Mexico	20.43888889	-99.32555556
5093	38121	Hidalgo	Centro de Mexico	20.43888889	-99.32555556
5094	38123	Hidalgo	Centro de Mexico	20.43888889	-99.32555556
5095	38127	Hidalgo	Centro de Mexico	20.24	-99.28972222
5096	38130	Hidalgo	Golfo de Mexico	21.13305556	-98.53805556
5097	38140	Hidalgo	Golfo de Mexico	21.13305556	-98.53805556
5098	38141	Hidalgo	Golfo de Mexico	21.13305556	-98.53805556
5099	38143	Hidalgo	Centro de Mexico	20.47583333	-99.39027778
5100	38145	Hidalgo	Centro de Mexico	20.09083333	-99.22138889
5101	38147	Hidalgo	Centro de Mexico	20.47583333	-99.39027778
5102	38151	Hidalgo	Centro de Mexico	20.46027778	-99.34361111
5103	38162	Hidalgo	Centro de Mexico	20.46027778	-99.34361111
5261	38874	Puebla	Oaxaca	18.115	-98.07694444
5262	38875	Puebla	Oaxaca	18.115	-98.07694444
5263	38876	Puebla	Oaxaca	18.115	-98.07694444
5264	38878	Puebla	Oaxaca	18.115	-98.07694444
5265	38884	Puebla	Oaxaca	18.115	-98.07694444
5266	38909	Puebla	Golfo de Mexico	19.75555556	-97.35666667
5267	38913	Puebla	Centro de Mexico	19.04333333	-98.19722222
5268	38936	Puebla	Centro de Mexico	19.04333333	-98.19722222
5269	38953	Puebla	Centro de Mexico	19.04333333	-98.19722222
5270	38954	Puebla	Centro de Mexico	19.04333333	-98.19722222
5284	39109	Puebla	Golfo de Mexico	20.17472222	-98.0525
5285	39127	Puebla	Golfo de Mexico	20.17472222	-98.0525
5286	39133	Puebla	Golfo de Mexico	20.17472222	-98.0525
5296	39192	Puebla	Golfo de Mexico	19.75555556	-97.35666667
5297	39194	Puebla	Golfo de Mexico	19.75555556	-97.35666667
5602	40504	Ciudad de México	Centro de Mexico	19.40166667	-99.15833333
5603	40505	Ciudad de México	Centro de Mexico	19.30416667	-99.05416667
5604	40506	Ciudad de México	Centro de Mexico	19.39527778	-99.09777778
5605	40511	Ciudad de México	Centro de Mexico	19.30833333	-99.225
5606	40513	Ciudad de México	Centro de Mexico	19.30416667	-99.05416667
5607	40516	Ciudad de México	Centro de Mexico	19.30416667	-99.05416667
5608	40517	Ciudad de México	Centro de Mexico	19.40166667	-99.15833333
5609	40524	Ciudad de México	Centro de Mexico	19.40166667	-99.15833333
5610	40525	Ciudad de México	Centro de Mexico	19.40166667	-99.15833333
5611	40528	Ciudad de México	Centro de Mexico	19.48222222	-99.1125
5612	40534	Ciudad de México	Centro de Mexico	19.39527778	-99.09777778
5613	40551	Ciudad de México	Centro de Mexico	19.48222222	-99.1125
5614	40559	Ciudad de México	Centro de Mexico	19.39527778	-99.09777778
5615	40572	Ciudad de México	Centro de Mexico	19.35833333	-99.09305556
5616	40578	Ciudad de México	Centro de Mexico	19.35833333	-99.09305556
CEU	NA06984	NA	Europa	NA	NA
CEU	NA06985	NA	Europa	NA	NA
CEU	NA06986	NA	Europa	NA	NA
CEU	NA06989	NA	Europa	NA	NA
CEU	NA06994	NA	Europa	NA	NA
CEU	NA07000	NA	Europa	NA	NA
CEU	NA07037	NA	Europa	NA	NA
CEU	NA07048	NA	Europa	NA	NA
CEU	NA07051	NA	Europa	NA	NA
CEU	NA07056	NA	Europa	NA	NA
CEU	NA07347	NA	Europa	NA	NA
CEU	NA07357	NA	Europa	NA	NA
CEU	NA10847	NA	Europa	NA	NA
CEU	NA10851	NA	Europa	NA	NA
CEU	NA11829	NA	Europa	NA	NA
CEU	NA11830	NA	Europa	NA	NA
CEU	NA11831	NA	Europa	NA	NA
CEU	NA11832	NA	Europa	NA	NA
CEU	NA11840	NA	Europa	NA	NA
CEU	NA11843	NA	Europa	NA	NA
CEU	NA11881	NA	Europa	NA	NA
CEU	NA11892	NA	Europa	NA	NA
CEU	NA11893	NA	Europa	NA	NA
CEU	NA11894	NA	Europa	NA	NA
CEU	NA11918	NA	Europa	NA	NA
CEU	NA11919	NA	Europa	NA	NA
CEU	NA11920	NA	Europa	NA	NA
CEU	NA11930	NA	Europa	NA	NA
CEU	NA11931	NA	Europa	NA	NA
CEU	NA11932	NA	Europa	NA	NA
CEU	NA11933	NA	Europa	NA	NA
CEU	NA11992	NA	Europa	NA	NA
CEU	NA11994	NA	Europa	NA	NA
CEU	NA11995	NA	Europa	NA	NA
CEU	NA12003	NA	Europa	NA	NA
CEU	NA12004	NA	Europa	NA	NA
CEU	NA12005	NA	Europa	NA	NA
CEU	NA12006	NA	Europa	NA	NA
CEU	NA12043	NA	Europa	NA	NA
CEU	NA12044	NA	Europa	NA	NA
CEU	NA12045	NA	Europa	NA	NA
CEU	NA12046	NA	Europa	NA	NA
CEU	NA12058	NA	Europa	NA	NA
CEU	NA12144	NA	Europa	NA	NA
CEU	NA12154	NA	Europa	NA	NA
CEU	NA12155	NA	Europa	NA	NA
CEU	NA12156	NA	Europa	NA	NA
CEU	NA12234	NA	Europa	NA	NA
CEU	NA12249	NA	Europa	NA	NA
CEU	NA12272	NA	Europa	NA	NA
CEU	NA12273	NA	Europa	NA	NA
CEU	NA12275	NA	Europa	NA	NA
CEU	NA12282	NA	Europa	NA	NA
CEU	NA12283	NA	Europa	NA	NA
CEU	NA12286	NA	Europa	NA	NA
CEU	NA12287	NA	Europa	NA	NA
CEU	NA12340	NA	Europa	NA	NA
CEU	NA12341	NA	Europa	NA	NA
CEU	NA12342	NA	Europa	NA	NA
CEU	NA12347	NA	Europa	NA	NA
CHB	NA18525	NA	Asia	NA	NA
CHB	NA18526	NA	Asia	NA	NA
CHB	NA18528	NA	Asia	NA	NA
CHB	NA18530	NA	Asia	NA	NA
CHB	NA18531	NA	Asia	NA	NA
CHB	NA18532	NA	Asia	NA	NA
CHB	NA18533	NA	Asia	NA	NA
CHB	NA18534	NA	Asia	NA	NA
CHB	NA18535	NA	Asia	NA	NA
CHB	NA18536	NA	Asia	NA	NA
CHB	NA18537	NA	Asia	NA	NA
CHB	NA18538	NA	Asia	NA	NA
CHB	NA18539	NA	Asia	NA	NA
CHB	NA18541	NA	Asia	NA	NA
CHB	NA18542	NA	Asia	NA	NA
CHB	NA18543	NA	Asia	NA	NA
CHB	NA18544	NA	Asia	NA	NA
CHB	NA18545	NA	Asia	NA	NA
CHB	NA18546	NA	Asia	NA	NA
CHB	NA18547	NA	Asia	NA	NA
CHB	NA18548	NA	Asia	NA	NA
CHB	NA18549	NA	Asia	NA	NA
CHB	NA18550	NA	Asia	NA	NA
CHB	NA18552	NA	Asia	NA	NA
CHB	NA18553	NA	Asia	NA	NA
CHB	NA18555	NA	Asia	NA	NA
CHB	NA18557	NA	Asia	NA	NA
CHB	NA18558	NA	Asia	NA	NA
CHB	NA18559	NA	Asia	NA	NA
CHB	NA18560	NA	Asia	NA	NA
CHB	NA18561	NA	Asia	NA	NA
CHB	NA18562	NA	Asia	NA	NA
CHB	NA18563	NA	Asia	NA	NA
CHB	NA18564	NA	Asia	NA	NA
CHB	NA18565	NA	Asia	NA	NA
CHB	NA18566	NA	Asia	NA	NA
CHB	NA18567	NA	Asia	NA	NA
CHB	NA18570	NA	Asia	NA	NA
CHB	NA18571	NA	Asia	NA	NA
CHB	NA18572	NA	Asia	NA	NA
CHB	NA18573	NA	Asia	NA	NA
CHB	NA18574	NA	Asia	NA	NA
CHB	NA18577	NA	Asia	NA	NA
CHB	NA18579	NA	Asia	NA	NA
CHB	NA18582	NA	Asia	NA	NA
CHB	NA18591	NA	Asia	NA	NA
CHB	NA18592	NA	Asia	NA	NA
CHB	NA18593	NA	Asia	NA	NA
CHB	NA18595	NA	Asia	NA	NA
CHB	NA18596	NA	Asia	NA	NA
CHB	NA18597	NA	Asia	NA	NA
CHB	NA18599	NA	Asia	NA	NA
CHB	NA18602	NA	Asia	NA	NA
CHB	NA18603	NA	Asia	NA	NA
CHB	NA18605	NA	Asia	NA	NA
CHB	NA18606	NA	Asia	NA	NA
CHB	NA18608	NA	Asia	NA	NA
CHB	NA18609	NA	Asia	NA	NA
CHB	NA18610	NA	Asia	NA	NA
CHB	NA18611	NA	Asia	NA	NA
Maya	HGDP00854	NA	Indigenas Americanos	NA	NA
Maya	HGDP00855	NA	Indigenas Americanos	NA	NA
Maya	HGDP00856	NA	Indigenas Americanos	NA	NA
Maya	HGDP00857	NA	Indigenas Americanos	NA	NA
Maya	HGDP00858	NA	Indigenas Americanos	NA	NA
Maya	HGDP00859	NA	Indigenas Americanos	NA	NA
Maya	HGDP00862	NA	Indigenas Americanos	NA	NA
Maya	HGDP00863	NA	Indigenas Americanos	NA	NA
Maya	HGDP00864	NA	Indigenas Americanos	NA	NA
Maya	HGDP00865	NA	Indigenas Americanos	NA	NA
Maya	HGDP00868	NA	Indigenas Americanos	NA	NA
Maya	HGDP00870	NA	Indigenas Americanos	NA	NA
Maya	HGDP00872	NA	Indigenas Americanos	NA	NA
Maya	HGDP00873	NA	Indigenas Americanos	NA	NA
Maya	HGDP00875	NA	Indigenas Americanos	NA	NA
Maya	HGDP00877	NA	Indigenas Americanos	NA	NA
MXL	NA19731	NA	Indigenas Americanos	NA	NA
MXL	NA19732	NA	Indigenas Americanos	NA	NA
YRI	NA18486	NA	Africa	NA	NA
YRI	NA18488	NA	Africa	NA	NA
YRI	NA18489	NA	Africa	NA	NA
YRI	NA18498	NA	Africa	NA	NA
YRI	NA18499	NA	Africa	NA	NA
YRI	NA18501	NA	Africa	NA	NA
YRI	NA18502	NA	Africa	NA	NA
YRI	NA18504	NA	Africa	NA	NA
YRI	NA18505	NA	Africa	NA	NA
YRI	NA18507	NA	Africa	NA	NA
YRI	NA18508	NA	Africa	NA	NA
YRI	NA18510	NA	Africa	NA	NA
YRI	NA18511	NA	Africa	NA	NA
YRI	NA18516	NA	Africa	NA	NA
YRI	NA18517	NA	Africa	NA	NA
YRI	NA18519	NA	Africa	NA	NA
YRI	NA18520	NA	Africa	NA	NA
YRI	NA18522	NA	Africa	NA	NA
YRI	NA18523	NA	Africa	NA	NA
YRI	NA18853	NA	Africa	NA	NA
YRI	NA18856	NA	Africa	NA	NA
YRI	NA18858	NA	Africa	NA	NA
YRI	NA18861	NA	Africa	NA	NA
YRI	NA18864	NA	Africa	NA	NA
YRI	NA18865	NA	Africa	NA	NA
YRI	NA18867	NA	Africa	NA	NA
YRI	NA18868	NA	Africa	NA	NA
YRI	NA18870	NA	Africa	NA	NA
YRI	NA18871	NA	Africa	NA	NA
YRI	NA18873	NA	Africa	NA	NA
YRI	NA18874	NA	Africa	NA	NA
YRI	NA18876	NA	Africa	NA	NA
YRI	NA18877	NA	Africa	NA	NA
YRI	NA18878	NA	Africa	NA	NA
YRI	NA18879	NA	Africa	NA	NA
YRI	NA18881	NA	Africa	NA	NA
YRI	NA18907	NA	Africa	NA	NA
YRI	NA18908	NA	Africa	NA	NA
YRI	NA18909	NA	Africa	NA	NA
YRI	NA18910	NA	Africa	NA	NA
YRI	NA18912	NA	Africa	NA	NA
YRI	NA18915	NA	Africa	NA	NA
YRI	NA18916	NA	Africa	NA	NA
YRI	NA18917	NA	Africa	NA	NA
YRI	NA18923	NA	Africa	NA	NA
YRI	NA18924	NA	Africa	NA	NA
YRI	NA18933	NA	Africa	NA	NA
YRI	NA18934	NA	Africa	NA	NA
YRI	NA19092	NA	Africa	NA	NA
YRI	NA19093	NA	Africa	NA	NA
YRI	NA19095	NA	Africa	NA	NA
YRI	NA19096	NA	Africa	NA	NA
YRI	NA19098	NA	Africa	NA	NA
YRI	NA19099	NA	Africa	NA	NA
YRI	NA19102	NA	Africa	NA	NA
YRI	NA19107	NA	Africa	NA	NA
YRI	NA19108	NA	Africa	NA	NA
YRI	NA19113	NA	Africa	NA	NA
YRI	NA19114	NA	Africa	NA	NA
YRI	NA19116	NA	Africa	NA	NA
